{
  "prefix":"!",
  "modrole":"357698213962186762",
  "version":"1.0",
  "afterhourstext":"220713930752786435",
  "afterhoursvoice":"331275861372436481",
  "logs":"250999587156787210",
  "shitpost":"213315795323846657",
  "token":"Mjk3NTU5NjU5OTk1MzMyNjA4.DJcDIA._WHROZ9Jz6wkzb4rat-lpwizxc4",
  "owner":"163052863038291970",
  "guildid":"213314594251341824",
  "ratelimitmessage":3000,
  "ratelimit":3000,
  "heartbeat":"250999587156787210", 
  "ytkey":"AIzaSyBzWvQya19h0X1a8YtB8QlWBj8ed1u_nqU"
}
